Id;Name
1;C1
2;C2
3;C3
4;C4
5;C5
6;C6
7;C7
8;C8
9;C9
10;A1
11;A2
12;A3
13;A4
14;A5
15;A6
16;A7
17;A8
18;A9
19;A10
20;B1
21;B2
22;B3
23;B4
24;B5
25;B6
26;B7
27;B8
28;B9
29;B10
30;D1
31;D2
32;D3
33;D4
34;D5
35;D6
36;D7
37;D8
38;D9
39;D10
40;G1
41;G2
42;G3
43;G4
44;G5
45;G6
46;G7
47;G8
48;G9
49;G10
50;Z1
51;Z2
52;Z3
53;Z4
54;Z5
55;Z6
56;Z7
57;Z8
58;Z9
59;Z10
60;M1
61;M2
62;M3
63;M4
64;M5
65;M6
66;M7
67;M8
68;M9
69;M10
70;M11
71;N1
72;N2
73;N3
74;N4
75;N5
76;N6
77;N7
78;N8
79;N9
80;N10
81;O1
82;O2
83;O3
84;O4
85;O5
86;O6
87;O7
88;O8
89;O9
90;O10
91;P1
92;P2
93;P3
94;P4
95;P5
96;P6
97;P7
98;P8
99;P9
100;P10
